Hannah,705833
George,708282
Quincy,708723
George,705471
Samuel,708411
Olga,700294
Ivy,705604
Leo,700166
Mason,708130
Walter,700423
Nathan,708362
Yara,700969
Nathan,705812
Abigail,708410
Thomas,700318
Karen,700282
Leo,700249
Abigail,708951
Catherine,705366
Daniel,705622
Olga,700246
Sophia,700699
Nathan,708376
Zachary,700247
Bob,705344
Frank,708660
Catherine,708269
Ximena,705252
Olivia,705656
Hannah,705414
Ella,700722
Tiffany,700304
Liam,700761
Quinn,708477
Frank,708662
Rachel,708147
Violet,708119
John,700634
Fiona,700610
Xander,708984
Victor,705363
Katherine,700642
Victor,705607
Rebecca,700561
Nina,708414
Walter,705769
Uma,700752
Catherine,708587
Ximena,700400
Violet,700415
